,k,R,test_accuracy,train_accuracy
0,5,10,0.8716577540106952,0.993103448275862
